cluster_ID	seq_rep	cluster_member	family	genome_type
56	nonstructural_protein_NS1__YP_009553675__Mouse_kidney_parvovirus__2316143	NS1__YP_009551964__Porcine_parvovirus_7__1820046	Parvoviridae	ssDNA
56	nonstructural_protein_NS1__YP_009553675__Mouse_kidney_parvovirus__2316143	non-structural_protein_1__YP_010086594__Rat_parvovirus_2__1885571	Parvoviridae	ssDNA
56	nonstructural_protein_NS1__YP_009553675__Mouse_kidney_parvovirus__2316143	nonstructural_protein_1__YP_009328889__Desmodus_rotundus_parvovirus__1926498	Parvoviridae	ssDNA
56	nonstructural_protein_NS1__YP_009553675__Mouse_kidney_parvovirus__2316143	nonstructural_protein_NS1__YP_009553675__Mouse_kidney_parvovirus__2316143	Parvoviridae	ssDNA
56	non-structural_protein_1__YP_009272913__Mink_bocavirus_1__2259808	NS1__YP_002808454__Human_bocavirus_3__638313	Parvoviridae	ssDNA
56	non-structural_protein_1__YP_009272913__Mink_bocavirus_1__2259808	NS2__YP_009315890__Rhinolophus_sinicus_bocaparvovirus__1911555	Parvoviridae	ssDNA
56	non-structural_protein_1__YP_009272913__Mink_bocavirus_1__2259808	non-structural_protein_1__YP_009272913__Mink_bocavirus_1__2259808	Parvoviridae	ssDNA
56	non-structural_protein_1__YP_009272913__Mink_bocavirus_1__2259808	NS2__YP_009227290__Rat_bocavirus__1788315	Parvoviridae	ssDNA
56	non-structural_protein_1__YP_009272913__Mink_bocavirus_1__2259808	non_structural_protein_NS1__YP_002916060__Human_bocavirus_4_NI__1511883	Parvoviridae	ssDNA
56	non-structural_protein_1__YP_009272913__Mink_bocavirus_1__2259808	NS1__YP_004869641__Porcine_bocavirus_3__1084715	Parvoviridae	ssDNA
56	non-structural_protein_1__YP_009272913__Mink_bocavirus_1__2259808	NS1__YP_002586773__Human_bocavirus_2c_PK__1511882	Parvoviridae	ssDNA
56	non-structural_protein_1__YP_009272913__Mink_bocavirus_1__2259808	nonstructural_protein_1__YP_009552126__Red-crowned_crane_parvovirus__2079601	Parvoviridae	ssDNA
56	non-structural_protein_1__YP_009272913__Mink_bocavirus_1__2259808	nonstructural_protein__YP_009508793__Bat_bocavirus_XM30__2259811	Parvoviridae	ssDNA
56	non-structural_protein_1__YP_009272913__Mink_bocavirus_1__2259808	NS1__YP_007518454__Canine_bocavirus_1__1511885	Parvoviridae	ssDNA
56	non-structural_protein_1__YP_009272913__Mink_bocavirus_1__2259808	NS1__YP_009551693__Lupine_bocavirus__2017714	Parvoviridae	ssDNA
56	non-structural_protein_1__YP_009272913__Mink_bocavirus_1__2259808	non_structural_protein_1__YP_003799996__Bocavirus_gorilla_GBoV1_2009__864686	Parvoviridae	ssDNA
56	non-structural_protein_1__YP_009272913__Mink_bocavirus_1__2259808	NS2__YP_009508798__Miniopterus_schreibersii_bat_bocavirus__1911554	Parvoviridae	ssDNA
56	non-structural_protein_1__YP_009272913__Mink_bocavirus_1__2259808	nonstructural_protein__YP_009508789__Bat_bocavirus_WM40__2259810	Parvoviridae	ssDNA
56	non-structural_protein_1__YP_009272913__Mink_bocavirus_1__2259808	NS1__YP_009508785__Myotis_myotis_bocavirus_1__1195367	Parvoviridae	ssDNA
56	non-structural_protein_1__YP_009272913__Mink_bocavirus_1__2259808	NS1__YP_008802580__Feline_bocaparvovirus_2__1417756	Parvoviridae	ssDNA
56	non-structural_protein_1__YP_009272913__Mink_bocavirus_1__2259808	NS1__YP_010086823__Murine_bocavirus__2171381	Parvoviridae	ssDNA
56	non-structural_protein_1__YP_009272913__Mink_bocavirus_1__2259808	NS1__YP_009315891__Rhinolophus_sinicus_bocaparvovirus__1911555	Parvoviridae	ssDNA
56	non-structural_protein_1__YP_009272913__Mink_bocavirus_1__2259808	NS1__YP_009389289__Dromedary_camel_bocaparvovirus_2__2014604	Parvoviridae	ssDNA
56	non-structural_protein_1__YP_009272913__Mink_bocavirus_1__2259808	NS1__YP_010087787__Primate_bocaparvovirus_3__2654204	Parvoviridae	ssDNA
56	non-structural_protein_1__YP_009272913__Mink_bocavirus_1__2259808	NS1__YP_009046822__Porcine_bocavirus_1_pig_ZJD_China_2006__795694	Parvoviridae	ssDNA
56	non-structural_protein_1__YP_009272913__Mink_bocavirus_1__2259808	NS1__YP_009553050__Rousettus_leschenaultii_bocaparvovirus_1__2053082	Parvoviridae	ssDNA
56	non-structural_protein_1__YP_009272913__Mink_bocavirus_1__2259808	nonstructural_protein__YP_009259490__Ungulate_bocaparvovirus_6__1864484	Parvoviridae	ssDNA
56	non-structural_protein_1__YP_009272913__Mink_bocavirus_1__2259808	NS1__YP_009389292__Dromedary_camel_bocaparvovirus_1__2014603	Parvoviridae	ssDNA
56	non-structural_protein_1__YP_009272913__Mink_bocavirus_1__2259808	NS1__YP_006272944__Feline_bocavirus__1174530	Parvoviridae	ssDNA
56	non-structural_protein_1__YP_009272913__Mink_bocavirus_1__2259808	NS1__YP_009507354__California_sea_lion_bocavirus_3__1073961	Parvoviridae	ssDNA
56	non-structural_protein_1__YP_009272913__Mink_bocavirus_1__2259808	NS1__YP_009508781__Feline_bocaparvovirus_3__2259807	Parvoviridae	ssDNA
56	non-structural_protein_1__YP_009272913__Mink_bocavirus_1__2259808	NS1__YP_004869645__Porcine_bocavirus_4-1__1084717	Parvoviridae	ssDNA
56	non-structural_protein_1__YP_009272913__Mink_bocavirus_1__2259808	NS1__YP_009507358__Bocavirus_pig_SX_China_2010__912967	Parvoviridae	ssDNA
56	non-structural_protein_1__YP_009272913__Mink_bocavirus_1__2259808	NS1__YP_009507350__California_sea_lion_bocavirus_1__1073959	Parvoviridae	ssDNA
56	non-structural_protein_1__YP_009272913__Mink_bocavirus_1__2259808	NS1_protein__YP_009229908__Bat_bocavirus__1329649	Parvoviridae	ssDNA
56	non-structural_protein_1__YP_009272913__Mink_bocavirus_1__2259808	nonstructural_protein_1__YP_009215301__Lagomorph_bocaparvovirus_1__2169774	Parvoviridae	ssDNA
56	non-structural_protein_1__YP_009272913__Mink_bocavirus_1__2259808	NS1__YP_009552695__Rhinolophus_pusillus_bocaparvovirus_1__2053079	Parvoviridae	ssDNA
56	non-structural_protein_1__YP_009272913__Mink_bocavirus_1__2259808	NS1__YP_009227291__Rat_bocavirus__1788315	Parvoviridae	ssDNA
56	non-structural_protein_1__YP_009272913__Mink_bocavirus_1__2259808	NS1__YP_009508797__Miniopterus_schreibersii_bat_bocavirus__1911554	Parvoviridae	ssDNA
56	non-structural_protein_1__YP_009272913__Mink_bocavirus_1__2259808	non_structural_protein_NS2__YP_002916059__Human_bocavirus_4_NI__1511883	Parvoviridae	ssDNA
56	non-structural_protein_1__YP_009272913__Mink_bocavirus_1__2259808	NS1__YP_009010974__Porcine_bocavirus__1165907	Parvoviridae	ssDNA
56	non-structural_protein_1__YP_009272913__Mink_bocavirus_1__2259808	nonstructural_protein_1__YP_009552825__Red-crowned_crane_parvovirus__2079601	Parvoviridae	ssDNA
56	non-structural_protein_1__YP_009272913__Mink_bocavirus_1__2259808	NS1_gene_product__YP_005086948__Porcine_bocavirus_5_JS677__1131622	Parvoviridae	ssDNA
56	non-structural_protein_1__YP_009272913__Mink_bocavirus_1__2259808	NS1__YP_009553047__Rhinolophus_pusillus_bocaparvovirus_2__2053080	Parvoviridae	ssDNA
56	NS1_protein__NP_694863__Human_erythrovirus_V9__72197	NS1__YP_009507368__Simian_parvovirus__31598	Parvoviridae	ssDNA
56	NS1_protein__NP_694863__Human_erythrovirus_V9__72197	NS1_protein__NP_694863__Human_erythrovirus_V9__72197	Parvoviridae	ssDNA
56	NS1_protein__NP_694863__Human_erythrovirus_V9__72197	NS1__YP_009507375__Chipmunk_parvovirus__56820	Parvoviridae	ssDNA
56	NS1_protein__NP_694863__Human_erythrovirus_V9__72197	non-structural_protein_NS1__YP_004928144__Human_parvovirus_B19__10798	Parvoviridae	ssDNA
56	NS1__YP_009058894__Bufavirus-3__1391667	NS1__YP_009508804__Cutavirus__1867125	Parvoviridae	ssDNA
56	NS1__YP_009058894__Bufavirus-3__1391667	NS1__YP_009058894__Bufavirus-3__1391667	Parvoviridae	ssDNA
56	NS1__YP_009058894__Bufavirus-3__1391667	putative_non-structural_protein_1__YP_009361877__Skunk_amdoparvovirus__1961072	Parvoviridae	ssDNA
56	NS1__YP_009058894__Bufavirus-3__1391667	nonstructural_protein_1__YP_009241376__Megabat_bufavirus_1__1756191	Parvoviridae	ssDNA
56	NS1__YP_009058894__Bufavirus-3__1391667	NS1__YP_009110759__Raccoon_dog_amdovirus__1513315	Parvoviridae	ssDNA
56	NS1__YP_009058894__Bufavirus-3__1391667	nonstructural_protein_1__YP_009508802__Wuharv_parvovirus_1__1245561	Parvoviridae	ssDNA
56	NS1__YP_009058894__Bufavirus-3__1391667	NS1__YP_009315908__Amdoparvovirus_sp.__1908805	Parvoviridae	ssDNA
56	NS1__YP_009058894__Bufavirus-3__1391667	nonstructural_protein__YP_009130650__Eulipotyphla_protoparvovirus_1__2170148	Parvoviridae	ssDNA
56	NS1__YP_009058894__Bufavirus-3__1391667	NS1__YP_009272690__Sea_otter_parvovirus_1__1882382	Parvoviridae	ssDNA
56	NS1__YP_009058894__Bufavirus-3__1391667	NS1__YP_009186840__Rat_bufavirus_SY-2015__1763507	Parvoviridae	ssDNA
56	NS1__YP_009058894__Bufavirus-3__1391667	non-structural_protein,_partial__YP_009666130__Protoparvovirus_Zsana_2013_HUN__1755694	Parvoviridae	ssDNA
56	NS1__YP_009058894__Bufavirus-3__1391667	NS1__YP_009507341__Gray_fox_amdovirus__1093101	Parvoviridae	ssDNA
56	nonstructural_protein__YP_009507388__Parvovirus_YX-2010_CHN__754189	non-structural_protein__YP_009507390__Ovine_hokovirus__1096142	Parvoviridae	ssDNA
56	nonstructural_protein__YP_009507388__Parvovirus_YX-2010_CHN__754189	gp1_protein__YP_009389278__Ungulate_tetraparvovirus_3__1511916	Parvoviridae	ssDNA
56	nonstructural_protein__YP_009507388__Parvovirus_YX-2010_CHN__754189	unnamed_protein_product__YP_005090504__Eidolon_helvum_-bat-_parvovirus__1131483	Parvoviridae	ssDNA
56	nonstructural_protein__YP_009507388__Parvovirus_YX-2010_CHN__754189	nonstructural_protein__YP_009175068__Ungulate_tetraparvovirus_1__1511914	Parvoviridae	ssDNA
56	nonstructural_protein__YP_009507388__Parvovirus_YX-2010_CHN__754189	nonstructural_protein__YP_009507388__Parvovirus_YX-2010_CHN__754189	Parvoviridae	ssDNA
56	nonstructural_protein__YP_009507388__Parvovirus_YX-2010_CHN__754189	NS1__YP_009315886__Tetraparvovirus_sp.__1908804	Parvoviridae	ssDNA
56	nonstructural_protein__YP_009507388__Parvovirus_YX-2010_CHN__754189	non-structural_protein__YP_009112878__Porcine_parvovirus_2__1126383	Parvoviridae	ssDNA
56	nonstructural_protein__YP_009507388__Parvovirus_YX-2010_CHN__754189	nonstructural_protein__YP_009154712__Bearded_dragon_parvovirus__1670662	Parvoviridae	ssDNA
56	nonstructural_protein__YP_009507388__Parvovirus_YX-2010_CHN__754189	nonstructural_protein_1__YP_008439207__Porcine_partetravirus__1208310	Parvoviridae	ssDNA
56	nonstructural_protein__YP_009507388__Parvovirus_YX-2010_CHN__754189	ORF1__YP_238482__Human_parvovirus_4_G1__1511919	Parvoviridae	ssDNA
56	nonstructural_protein_NS1__NP_046813__Diatraea_saccharalis_densovirus__72003	putative_nonstructural_protein__NP_694843__Planococcus_citri_densovirus__159153	Parvoviridae	ssDNA
56	nonstructural_protein_NS1__NP_046813__Diatraea_saccharalis_densovirus__72003	NS1__YP_008766862__Solenopsis_invicta_densovirus__1414671	Parvoviridae	ssDNA
56	nonstructural_protein_NS1__NP_046813__Diatraea_saccharalis_densovirus__72003	putative_nonstructural_protein_NS1__YP_009256211__Diaphorina_citri_densovirus__1776153	Parvoviridae	ssDNA
56	nonstructural_protein_NS1__NP_046813__Diatraea_saccharalis_densovirus__72003	putative_NS1__YP_009552708__Bombus_cryptarum_densovirus__2094261	Parvoviridae	ssDNA
56	nonstructural_protein_NS1__NP_046813__Diatraea_saccharalis_densovirus__72003	nonstructural_protein_1__YP_008658568__Acheta_domestica_mini_ambidensovirus__1404345	Parvoviridae	ssDNA
56	nonstructural_protein_NS1__NP_046813__Diatraea_saccharalis_densovirus__72003	nonstructural_protein_NS1__YP_007003823__Pseudoplusia_includens_densovirus__185637	Parvoviridae	ssDNA
56	nonstructural_protein_NS1__NP_046813__Diatraea_saccharalis_densovirus__72003	nonstructural_protein__YP_009507340__Sea_star-associated_densovirus__1979755	Parvoviridae	ssDNA
56	nonstructural_protein_NS1__NP_046813__Diatraea_saccharalis_densovirus__72003	nonstructural_protein_NS1__NP_046813__Diatraea_saccharalis_densovirus__72003	Parvoviridae	ssDNA
56	nonstructural_protein_NS1__NP_046813__Diatraea_saccharalis_densovirus__72003	non-structural_protein_1__YP_009134732__Cherax_quadricarinatus_densovirus__1642018	Parvoviridae	ssDNA
56	nonstructural_protein_NS1__NP_046813__Diatraea_saccharalis_densovirus__72003	nonstructural_protein_NS-1__YP_002887625__Culex_pipiens_densovirus__185638	Parvoviridae	ssDNA
56	Rep__YP_010086821__Murine_adeno-associated_virus_2__2171378	replicase__YP_004013956__Porcine_parvovirus_4__707546	Parvoviridae	ssDNA
56	Rep__YP_010086821__Murine_adeno-associated_virus_2__2171378	nonstructural_protein__YP_009552775__Equine_parvovirus_H__2079554	Parvoviridae	ssDNA
56	Rep__YP_010086821__Murine_adeno-associated_virus_2__2171378	nonstructural_protein__YP_077177__Adeno-associated_virus_-_7__202812	Parvoviridae	ssDNA
56	Rep__YP_010086821__Murine_adeno-associated_virus_2__2171378	rep_protein__YP_009552823__Adeno-associated_virus__272636	Parvoviridae	ssDNA
56	Rep__YP_010086821__Murine_adeno-associated_virus_2__2171378	Rep__NP_042987__Human_betaherpesvirus_6A__32603	Herpesviridae	dsDNA (large)
56	Rep__YP_010086821__Murine_adeno-associated_virus_2__2171378	Rep78__YP_009507366__California_sea_lion_adeno-associated_virus_1__1073950	Parvoviridae	ssDNA
56	Rep__YP_010086821__Murine_adeno-associated_virus_2__2171378	REP_protein__YP_068410__Muscovy_duck_parvovirus__37325	Parvoviridae	ssDNA
56	Rep__YP_010086821__Murine_adeno-associated_virus_2__2171378	nonstructural_protein__YP_009325417__Bosavirus_MS-2016a__1917013	Parvoviridae	ssDNA
56	Rep__YP_010086821__Murine_adeno-associated_virus_2__2171378	Rep_78_protein__YP_680423__adeno-associated_virus_2__10804	Parvoviridae	ssDNA
56	Rep__YP_010086821__Murine_adeno-associated_virus_2__2171378	rep_protein__YP_003858571__Bat_adeno-associated_virus_YNM__727962	Parvoviridae	ssDNA
56	Rep__YP_010086821__Murine_adeno-associated_virus_2__2171378	Rep__YP_010086821__Murine_adeno-associated_virus_2__2171378	Parvoviridae	ssDNA
56	Rep__YP_010086821__Murine_adeno-associated_virus_2__2171378	NS1__YP_009111339__Slow_loris_parvovirus_1__1581151	Parvoviridae	ssDNA
56	Rep__YP_010086821__Murine_adeno-associated_virus_2__2171378	nonstructural_protein__YP_009021566__Porcine_parvovirus_6__1472911	Parvoviridae	ssDNA
56	Rep__YP_010086821__Murine_adeno-associated_virus_2__2171378	unnamed_protein_product__YP_005097851__Artibeus_jamaicensis_parvovirus_1__1131485	Parvoviridae	ssDNA
56	Rep__YP_010086821__Murine_adeno-associated_virus_2__2171378	Rep__YP_010086819__Murine_adeno-associated_virus_1__2171377	Parvoviridae	ssDNA
56	Rep__YP_010086821__Murine_adeno-associated_virus_2__2171378	replicase__YP_008888533__Porcine_parvovirus_5__1241957	Parvoviridae	ssDNA
56	Rep__YP_010086821__Murine_adeno-associated_virus_2__2171378	Rep_68_protein__YP_680422__adeno-associated_virus_2__10804	Parvoviridae	ssDNA
56	Rep__YP_010086821__Murine_adeno-associated_virus_2__2171378	REP__NP_043514__Goose_parvovirus__38251	Parvoviridae	ssDNA
56	Rep__YP_010086821__Murine_adeno-associated_virus_2__2171378	Parvovirus_rep_homolog__NP_050269__Human_betaherpesvirus_6B__32604	Herpesviridae	dsDNA (large)
56	Rep__YP_010086821__Murine_adeno-associated_virus_2__2171378	nonstructural_protein__YP_077179__Adeno-associated_virus_-_8__202813	Parvoviridae	ssDNA
56	putative_non-structural_protein__YP_009362129__Dysaphis_plantaginea_densovirus__551224	putative_non-structural_protein__YP_009362129__Dysaphis_plantaginea_densovirus__551224	Parvoviridae	ssDNA
56	NS1__YP_009116876__Sesavirus_CSL10538__1519097	NS1__YP_009116876__Sesavirus_CSL10538__1519097	Parvoviridae	ssDNA
56	NS1__YP_009116876__Sesavirus_CSL10538__1519097	NS__YP_010086570__Seal_parvovirus__1427158	Parvoviridae	ssDNA
55	putative_superfamily_II_RNA_helicase__YP_009052108__Aureococcus_anophagefferens_virus__1474867	putative_superfamily_II_RNA_helicase__YP_009052108__Aureococcus_anophagefferens_virus__1474867	Phycodnaviridae	dsDNA (large)
55	putative_superfamily_II_RNA_helicase__YP_009052108__Aureococcus_anophagefferens_virus__1474867	putative_superfamily_II_RNA_helicase__YP_003970015__Cafeteria_roenbergensis_virus_BV-PW1__693272	Mimiviridae	dsDNA (large)
55	hypothetical_protein_ATCV1_Z596R__YP_001427077__Acanthocystis_turfacea_chlorella_virus_1__322019	DEAD_DEAH_box_II_RNA_helicase__YP_009325606__Only_Syngen_Nebraska_virus_5__1917232	Phycodnaviridae	dsDNA (large)
55	hypothetical_protein_ATCV1_Z596R__YP_001427077__Acanthocystis_turfacea_chlorella_virus_1__322019	hypothetical_protein_PBCV1_A241R__NP_048589__Paramecium_bursaria_Chlorella_virus_1__10506	Phycodnaviridae	dsDNA (large)
55	hypothetical_protein_ATCV1_Z596R__YP_001427077__Acanthocystis_turfacea_chlorella_virus_1__322019	hypothetical_protein_FR483_N227L__YP_001425859__Paramecium_bursaria_Chlorella_virus_FR483__399781	Phycodnaviridae	dsDNA (large)
55	hypothetical_protein_ATCV1_Z596R__YP_001427077__Acanthocystis_turfacea_chlorella_virus_1__322019	hypothetical_protein_ATCV1_Z596R__YP_001427077__Acanthocystis_turfacea_chlorella_virus_1__322019	Phycodnaviridae	dsDNA (large)
55	HrpA-like_helicase__YP_007354542__Acanthamoeba_polyphaga_moumouvirus__1269028	putative_ATP-dependent_RNA_helicase__YP_003987055__Acanthamoeba_polyphaga_mimivirus__212035	Mimiviridae	dsDNA (large)
55	HrpA-like_helicase__YP_007354542__Acanthamoeba_polyphaga_moumouvirus__1269028	HrpA-like_helicase__YP_007354542__Acanthamoeba_polyphaga_moumouvirus__1269028	Mimiviridae	dsDNA (large)
55	B962L__YP_009703129__African_swine_fever_virus__10497	hypothetical_protein_IM014_gp107__YP_009927197__African_swine_fever_virus__10497	Asfarviridae	dsDNA (large)
55	B962L__YP_009703129__African_swine_fever_virus__10497	ATP-dependent_helicase_hrpA__YP_009352555__Kaumoebavirus_Viruses.__X	NA	NA
55	B962L__YP_009703129__African_swine_fever_virus__10497	helicase__YP_009702639__African_swine_fever_virus__10497	Asfarviridae	dsDNA (large)
55	B962L__YP_009703129__African_swine_fever_virus__10497	B962L__YP_009704025__African_swine_fever_virus_Georgia_2007_1__874269	Asfarviridae	dsDNA (large)
55	B962L__YP_009703129__African_swine_fever_virus__10497	helicase__YP_009702320__African_swine_fever_virus__10497	Asfarviridae	dsDNA (large)
55	B962L__YP_009703129__African_swine_fever_virus__10497	pB962L__YP_009703323__African_swine_fever_virus__10497	Asfarviridae	dsDNA (large)
55	B962L__YP_009703129__African_swine_fever_virus__10497	B962L__YP_009703129__African_swine_fever_virus__10497	Asfarviridae	dsDNA (large)
55	CI__YP_007969888__Donkey_orchid_virus_A__1198144	CI_protein__NP_734157__Lettuce_mosaic_virus__12202	Potyviridae	ssRNA(+)
55	CI__YP_007969888__Donkey_orchid_virus_A__1198144	CI__YP_002321503__Zantedeschia_mild_mosaic_virus__270478	Potyviridae	ssRNA(+)
55	CI__YP_007969888__Donkey_orchid_virus_A__1198144	CI_protein__NP_734107__Dasheen_mosaic_virus__29271	Potyviridae	ssRNA(+)
55	CI__YP_007969888__Donkey_orchid_virus_A__1198144	CI_protein__YP_001718526__Banana_bract_mosaic_virus__45661	Potyviridae	ssRNA(+)
55	CI__YP_007969888__Donkey_orchid_virus_A__1198144	CI__YP_007354892__Brugmansia_mosaic_virus__1239452	Potyviridae	ssRNA(+)
55	CI__YP_007969888__Donkey_orchid_virus_A__1198144	CI__YP_010088102__Passiflora_edulis_symptomless_virus__2294149	Potyviridae	ssRNA(+)
55	CI__YP_007969888__Donkey_orchid_virus_A__1198144	CI_protein__YP_009259516__Wild_onion_symptomless_virus__1862127	Potyviridae	ssRNA(+)
55	CI__YP_007969888__Donkey_orchid_virus_A__1198144	CI_protein__YP_842354__Wisteria_vein_mosaic_virus__201862	Potyviridae	ssRNA(+)
55	CI__YP_007969888__Donkey_orchid_virus_A__1198144	CI_protein__NP_734127__Scallion_mosaic_virus__157018	Potyviridae	ssRNA(+)
55	CI__YP_007969888__Donkey_orchid_virus_A__1198144	CI_protein__NP_734187__Zucchini_yellow_mosaic_virus__12232	Potyviridae	ssRNA(+)
55	CI__YP_007969888__Donkey_orchid_virus_A__1198144	CI_protein__NP_734277__Oat_mosaic_virus__157837	Potyviridae	ssRNA(+)
55	CI__YP_007969888__Donkey_orchid_virus_A__1198144	CI__YP_009255234_CI__Impatiens_flower_break_virus__2170135	Potyviridae	ssRNA(+)
55	CI__YP_007969888__Donkey_orchid_virus_A__1198144	CI_protein__YP_308881__Cucumber_vein_yellowing_virus__137475	Potyviridae	ssRNA(+)
55	CI__YP_007969888__Donkey_orchid_virus_A__1198144	CI_protein__YP_009509083__Tomato_mild_mottle_virus__178599	Potyviridae	ssRNA(+)
55	CI__YP_007969888__Donkey_orchid_virus_A__1198144	CI_protein__YP_529494__Konjac_mosaic_virus__322053	Potyviridae	ssRNA(+)
55	CI__YP_007969888__Donkey_orchid_virus_A__1198144	CI__YP_006493338__Sweet_potato_virus_G__46619	Potyviridae	ssRNA(+)
55	CI__YP_007969888__Donkey_orchid_virus_A__1198144	CI_protein__YP_006423938__Sugarcane_streak_mosaic_virus__53954	Potyviridae	ssRNA(+)
55	CI__YP_007969888__Donkey_orchid_virus_A__1198144	CI_protein__NP_734087__Sorghum_mosaic_virus__32619	Potyviridae	ssRNA(+)
55	CI__YP_007969888__Donkey_orchid_virus_A__1198144	CI_protein__YP_006280735__Tomato_necrotic_stunt_virus__1176153	Potyviridae	ssRNA(+)
55	CI__YP_007969888__Donkey_orchid_virus_A__1198144	CI__YP_006390061__Hippeastrum_mosaic_virus__421010	Potyviridae	ssRNA(+)
55	CI__YP_007969888__Donkey_orchid_virus_A__1198144	CI_protein__YP_004940323__Yambean_mosaic_virus__418827	Potyviridae	ssRNA(+)
55	CI__YP_007969888__Donkey_orchid_virus_A__1198144	CI_protein__NP_734303__Barley_yellow_mosaic_virus__12465	Potyviridae	ssRNA(+)
55	CI__YP_007969888__Donkey_orchid_virus_A__1198144	CI__YP_006908983__Rose_yellow_mosaic_virus__1048434	Potyviridae	ssRNA(+)
55	CI__YP_007969888__Donkey_orchid_virus_A__1198144	CI__YP_009351880__Sunflower_ring_blotch_virus__1963260	Potyviridae	ssRNA(+)
55	CI__YP_007969888__Donkey_orchid_virus_A__1198144	CI__YP_009272674__Callistephus_mottle_virus__1886606	Potyviridae	ssRNA(+)
55	CI__YP_007969888__Donkey_orchid_virus_A__1198144	CI_protein__NP_734353__Bean_common_mosaic_necrosis_virus__43240	Potyviridae	ssRNA(+)
55	CI__YP_007969888__Donkey_orchid_virus_A__1198144	CI_protein__YP_008719792__Pokeweed_mosaic_virus__1220025	Potyviridae	ssRNA(+)
55	CI__YP_007969888__Donkey_orchid_virus_A__1198144	CI__YP_009389254__Cucurbit_vein_banding_virus__2005044	Potyviridae	ssRNA(+)
55	CI__YP_007969888__Donkey_orchid_virus_A__1198144	CI_protein__NP_734097__Leek_yellow_stripe_virus__42004	Potyviridae	ssRNA(+)
55	CI__YP_007969888__Donkey_orchid_virus_A__1198144	CI__YP_004123958__Apium_virus_Y__168135	Potyviridae	ssRNA(+)
55	CI__YP_007969888__Donkey_orchid_virus_A__1198144	CI_protein__NP_734363__Potato_virus_A__12215	Potyviridae	ssRNA(+)
55	CI__YP_007969888__Donkey_orchid_virus_A__1198144	CI_protein__YP_009458618__Saffron_latent_virus__2070152	Potyviridae	ssRNA(+)
55	CI__YP_007969888__Donkey_orchid_virus_A__1198144	CI_protein__NP_954623__Beet_mosaic_virus__114921	Potyviridae	ssRNA(+)
55	CI__YP_007969888__Donkey_orchid_virus_A__1198144	CI_protein__YP_611115__Daphne_mosaic_virus__578107	Potyviridae	ssRNA(+)
55	CI__YP_007969888__Donkey_orchid_virus_A__1198144	uncovered_polypeptide_polyprotein__YP_009010942_1176-1819__Narcissus_late_season_yellows_virus__160842	Potyviridae	ssRNA(+)
55	CI__YP_007969888__Donkey_orchid_virus_A__1198144	CI__YP_007969888__Donkey_orchid_virus_A__1198144	Potyviridae	ssRNA(+)
55	CI__YP_007969888__Donkey_orchid_virus_A__1198144	C1__YP_009310044__Euphorbia_ringspot_virus__291286	Potyviridae	ssRNA(+)
55	CI__YP_007969888__Donkey_orchid_virus_A__1198144	CI__YP_001788996__Squash_vein_yellowing_virus__397544	Potyviridae	ssRNA(+)
55	CI__YP_007969888__Donkey_orchid_virus_A__1198144	CI_protein__YP_009256204_CI_protein__Pecan_mosaic-associated_virus__1856031	Potyviridae	ssRNA(+)
55	CI__YP_007969888__Donkey_orchid_virus_A__1198144	cytoplasmic_inclusion_protein__YP_001552431__Moroccan_watermelon_mosaic_virus__167129	Potyviridae	ssRNA(+)
55	CI__YP_007969888__Donkey_orchid_virus_A__1198144	CI__YP_009509102__Daphne_virus_Y__282712	Potyviridae	ssRNA(+)
55	CI__YP_007969888__Donkey_orchid_virus_A__1198144	CI_protein__NP_734137__Sugarcane_mosaic_virus__12224	Potyviridae	ssRNA(+)
55	CI__YP_007969888__Donkey_orchid_virus_A__1198144	CI__YP_004564593__Hardenbergia_mosaic_virus__409486	Potyviridae	ssRNA(+)
55	CI__YP_007969888__Donkey_orchid_virus_A__1198144	CI_protein__NP_734117__Bean_common_mosaic_virus__12196	Potyviridae	ssRNA(+)
55	CI__YP_007969888__Donkey_orchid_virus_A__1198144	CI__YP_007032441__Cassava_brown_streak_virus__137758	Potyviridae	ssRNA(+)
55	CI__YP_007969888__Donkey_orchid_virus_A__1198144	CI_protein__YP_006438192__Sweet_potato_virus_2__453050	Potyviridae	ssRNA(+)
55	CI__YP_007969888__Donkey_orchid_virus_A__1198144	CI__YP_007001288__Yam_mild_mosaic_virus__87097	Potyviridae	ssRNA(+)
55	CI__YP_007969888__Donkey_orchid_virus_A__1198144	CI__YP_001552416__Tobacco_vein_banding_mosaic_virus__33765	Potyviridae	ssRNA(+)
55	CI__YP_007969888__Donkey_orchid_virus_A__1198144	CI__YP_009667094__Zucchini_shoestring_virus__1679239	Potyviridae	ssRNA(+)
55	CI__YP_007969888__Donkey_orchid_virus_A__1198144	CI_protein__YP_009126865__Tamarillo_leaf_malformation_virus__945960	Potyviridae	ssRNA(+)
55	CI__YP_007969888__Donkey_orchid_virus_A__1198144	CI_protein__YP_002956092__Triticum_mosaic_virus__431317	Potyviridae	ssRNA(+)
55	CI__YP_007969888__Donkey_orchid_virus_A__1198144	CI__YP_006666642__Caladenia_virus_A__1198147	Potyviridae	ssRNA(+)
55	CI__YP_007969888__Donkey_orchid_virus_A__1198144	CI__YP_851203__Blackberry_virus_Y__323118	Potyviridae	ssRNA(+)
55	CI__YP_007969888__Donkey_orchid_virus_A__1198144	CI__YP_009221987__Jasmine_virus_T__1775963	Potyviridae	ssRNA(+)
55	CI__YP_007969888__Donkey_orchid_virus_A__1198144	CI__YP_004123946__Lupinus_mosaic_virus__573615	Potyviridae	ssRNA(+)
55	CI__YP_007969888__Donkey_orchid_virus_A__1198144	CI__YP_009667126__Paris_mosaic_necrosis_virus__2058396	Potyviridae	ssRNA(+)
55	CI__YP_007969888__Donkey_orchid_virus_A__1198144	CI__YP_003208055__Canna_yellow_streak_virus__433462	Potyviridae	ssRNA(+)
55	CI__YP_007969888__Donkey_orchid_virus_A__1198144	CI_protein__YP_003582549__Sunflower_chlorotic_mottle_virus__129732	Potyviridae	ssRNA(+)
55	CI__YP_007969888__Donkey_orchid_virus_A__1198144	CI_segment__YP_008992249__Zucchini_tigre_mosaic_virus__1406816	Potyviridae	ssRNA(+)
55	CI__YP_007969888__Donkey_orchid_virus_A__1198144	cytoplasmic_inclusion_protein__YP_008320586__Habenaria_mosaic_virus__1324128	Potyviridae	ssRNA(+)
55	CI__YP_007969888__Donkey_orchid_virus_A__1198144	CI_protein__YP_004063675__Passion_fruit_woodiness_virus__31732	Potyviridae	ssRNA(+)
55	CI__YP_007969888__Donkey_orchid_virus_A__1198144	CI__YP_010088113__Platycodon_mild_mottle_virus__2320870	Potyviridae	ssRNA(+)
55	CI__YP_007969888__Donkey_orchid_virus_A__1198144	CI_protein__YP_006423977__Celery_mosaic_virus__112436	Potyviridae	ssRNA(+)
55	CI__YP_007969888__Donkey_orchid_virus_A__1198144	RNA_helicase__YP_001936191__Algerian_watermelon_mosaic_virus__515575	Potyviridae	ssRNA(+)
55	CI__YP_007969888__Donkey_orchid_virus_A__1198144	CI_protein__NP_734295__Barley_mild_mosaic_virus__12466	Potyviridae	ssRNA(+)
55	CI__YP_007969888__Donkey_orchid_virus_A__1198144	CI_protein__YP_001816850__Wild_tomato_mosaic_virus__400396	Potyviridae	ssRNA(+)
55	CI__YP_007969888__Donkey_orchid_virus_A__1198144	CI__YP_004063978__Ugandan_cassava_brown_streak_virus__946046	Potyviridae	ssRNA(+)
55	CI__YP_007969888__Donkey_orchid_virus_A__1198144	CI__YP_003725723__Panax_virus_Y__796352	Potyviridae	ssRNA(+)
55	CI__YP_007969888__Donkey_orchid_virus_A__1198144	CI_protein__YP_001974440__Fritillary_virus_Y__332471	Potyviridae	ssRNA(+)
55	CI__YP_007969888__Donkey_orchid_virus_A__1198144	CI_protein__YP_331418__Shallot_yellow_stripe_virus__62059	Potyviridae	ssRNA(+)
55	CI__YP_007969888__Donkey_orchid_virus_A__1198144	CI__YP_006390071__Cyrtanthus_elatus_virus_A__861561	Potyviridae	ssRNA(+)
55	CI__YP_007969888__Donkey_orchid_virus_A__1198144	CI_protein__YP_006423951__Bidens_mottle_virus__433357	Potyviridae	ssRNA(+)
55	CI__YP_007969888__Donkey_orchid_virus_A__1198144	CI__YP_009252414__Tobacco_mosqueado_virus__1792583	Potyviridae	ssRNA(+)
55	CI__YP_007969888__Donkey_orchid_virus_A__1198144	CI_protein__YP_001816830__Telosma_mosaic_virus__400394	Potyviridae	ssRNA(+)
55	CI__YP_007969888__Donkey_orchid_virus_A__1198144	CI__YP_010088123__Dendrobium_chlorotic_mosaic_virus__2562807	Potyviridae	ssRNA(+)
55	CI__YP_007969888__Donkey_orchid_virus_A__1198144	CI__YP_003620393__Freesia_mosaic_virus__421012	Potyviridae	ssRNA(+)
55	CI__YP_007969888__Donkey_orchid_virus_A__1198144	CI__YP_009509111__Cardamom_mosaic_virus__104637	Potyviridae	ssRNA(+)
55	CI__YP_007969888__Donkey_orchid_virus_A__1198144	CI_protein__YP_006423989__Chilli_ringspot_virus__414528	Potyviridae	ssRNA(+)
55	CI__YP_007969888__Donkey_orchid_virus_A__1198144	cylindrical_inclusion_protein,_CI__YP_001019192__Narcissus_degeneration_virus__394036	Potyviridae	ssRNA(+)
55	CI__YP_007969888__Donkey_orchid_virus_A__1198144	CI_protein__YP_006405408__Basella_rugose_mosaic_virus__373398	Potyviridae	ssRNA(+)
55	CI__YP_007969888__Donkey_orchid_virus_A__1198144	CI_protein__NP_945140__Lily_mottle_virus__32624	Potyviridae	ssRNA(+)
55	CI__YP_007969888__Donkey_orchid_virus_A__1198144	CI_protein__YP_002308559__Narcissus_yellow_stripe_virus__160843	Potyviridae	ssRNA(+)
55	CI__YP_007969888__Donkey_orchid_virus_A__1198144	cytoplasmic_inclusion_protein__NP_982339__Chilli_veinal_mottle_virus__52280	Potyviridae	ssRNA(+)
55	CI__YP_007969888__Donkey_orchid_virus_A__1198144	CI__YP_001936182__Verbena_virus_Y__515446	Potyviridae	ssRNA(+)
55	CI__YP_007969888__Donkey_orchid_virus_A__1198144	CI_protein__YP_006590097__Chinese_yam_necrotic_mosaic_virus__128818	Potyviridae	ssRNA(+)
55	CI__YP_007969888__Donkey_orchid_virus_A__1198144	CI_protein__NP_871742__Onion_yellow_dwarf_virus__43130	Potyviridae	ssRNA(+)
55	CI__YP_007969888__Donkey_orchid_virus_A__1198144	CI__YP_009466009__Hyacinth_mosaic_virus__421013	Potyviridae	ssRNA(+)
55	CI__YP_007969888__Donkey_orchid_virus_A__1198144	CI_protein__YP_254718__Thunberg_fritillary_mosaic_virus__299200	Potyviridae	ssRNA(+)
28	TK3__YP_009116661__Tipula_oleracea_nudivirus__1546257	TK3__YP_009116661__Tipula_oleracea_nudivirus__1546257	Nudiviridae	dsDNA (large)
28	nicotinamide_riboside_kinase_1__YP_009001526__Anomala_cuprea_entomopoxvirus__62099	nicotinamide_riboside_kinase_1__YP_009001526__Anomala_cuprea_entomopoxvirus__62099	Poxviridae	dsDNA (large)
28	CPXV195_protein__NP_619976__Cowpox_virus__10243	guanylate_kinase__YP_009408556__NY_014_poxvirus__2025360	Poxviridae	dsDNA (large)
28	CPXV195_protein__NP_619976__Cowpox_virus__10243	guanylate_kinase__YP_233064__Vaccinia_virus__10245	Poxviridae	dsDNA (large)
28	CPXV195_protein__NP_619976__Cowpox_virus__10243	CPXV195_protein__NP_619976__Cowpox_virus__10243	Poxviridae	dsDNA (large)
28	CPXV195_protein__NP_619976__Cowpox_virus__10243	guanylate_kinase__YP_009408356__Murmansk_poxvirus__2025359	Poxviridae	dsDNA (large)
28	CPXV195_protein__NP_619976__Cowpox_virus__10243	guanylate_kinase__YP_010085638__Akhmeta_virus__2200830	Poxviridae	dsDNA (large)
28	CPXV195_protein__NP_619976__Cowpox_virus__10243	Guanylate_kinase__YP_009165069__Mollivirus_sibericum_Viruses.__X	NA	NA
28	CPXV195_protein__NP_619976__Cowpox_virus__10243	putative_A57R_protein__YP_010085847__Orthopoxvirus_Abatino__2478919	Poxviridae	dsDNA (large)
28	CPXV195_protein__NP_619976__Cowpox_virus__10243	hypothetical_protein_VARVgp168__NP_042212__Variola_virus__10255	Poxviridae	dsDNA (large)
28	CPXV195_protein__NP_619976__Cowpox_virus__10243	Guanylate_kinase__YP_009143486__Raccoonpox_virus__10256	Poxviridae	dsDNA (large)
28	hypothetical_protein_pv_135__YP_009001037__Pithovirus_sibericum__1450746	hypothetical_protein_pv_135__YP_009001037__Pithovirus_sibericum__1450746	Pithoviridae	dsDNA (large)
28	A240L__YP_009703091__African_swine_fever_virus__10497	thymidylate_kinase__YP_009702602__African_swine_fever_virus__10497	Asfarviridae	dsDNA (large)
28	A240L__YP_009703091__African_swine_fever_virus__10497	A240L__YP_009703987__African_swine_fever_virus_Georgia_2007_1__874269	Asfarviridae	dsDNA (large)
28	A240L__YP_009703091__African_swine_fever_virus__10497	hypothetical_protein_IM014_gp068__YP_009927158__African_swine_fever_virus__10497	Asfarviridae	dsDNA (large)
28	A240L__YP_009703091__African_swine_fever_virus__10497	A240L__YP_009703091__African_swine_fever_virus__10497	Asfarviridae	dsDNA (large)
28	A240L__YP_009703091__African_swine_fever_virus__10497	pA240L__YP_009703274__African_swine_fever_virus__10497	Asfarviridae	dsDNA (large)
28	A240L__YP_009703091__African_swine_fever_virus__10497	thymidylate_kinase__YP_009702282__African_swine_fever_virus__10497	Asfarviridae	dsDNA (large)
28	putative_deoxynucleoside_monophosphate_kinase__YP_003969712__Cafeteria_roenbergensis_virus_BV-PW1__693272	putative_deoxynucleotide_monophosphate_kinase__YP_003987024__Acanthamoeba_polyphaga_mimivirus__212035	Mimiviridae	dsDNA (large)
28	putative_deoxynucleoside_monophosphate_kinase__YP_003969712__Cafeteria_roenbergensis_virus_BV-PW1__693272	Deoxynucleotide_monophosphate_kinase__YP_007354515__Acanthamoeba_polyphaga_moumouvirus__1269028	Mimiviridae	dsDNA (large)
28	putative_deoxynucleoside_monophosphate_kinase__YP_003969712__Cafeteria_roenbergensis_virus_BV-PW1__693272	putative_deoxynucleoside_monophosphate_kinase__YP_003969712__Cafeteria_roenbergensis_virus_BV-PW1__693272	Mimiviridae	dsDNA (large)
28	TK2__YP_009116691__Tipula_oleracea_nudivirus__1546257	p-loop_NTPase__YP_009051903__Penaeus_monodon_nudivirus__1529056	Nudiviridae	dsDNA (large)
28	TK2__YP_009116691__Tipula_oleracea_nudivirus__1546257	TK2__YP_009116691__Tipula_oleracea_nudivirus__1546257	Nudiviridae	dsDNA (large)
28	TK2__YP_009116691__Tipula_oleracea_nudivirus__1546257	p-loop_NTPase__YP_010087693__Homarus_gammarus_nudivirus__2509616	Nudiviridae	dsDNA (large)
28	guanylate_kinase__YP_009120260__Pandoravirus_inopinatum__1605721	guanylate_kinase__YP_009120260__Pandoravirus_inopinatum__1605721	NA	NA
28	guanylate_kinase__YP_009120260__Pandoravirus_inopinatum__1605721	Guanylate_kinase__YP_009483076__Pandoravirus_quercus__2107709	NA	NA
28	guanylate_kinase__YP_009120260__Pandoravirus_inopinatum__1605721	Guanylate_kinase__YP_008437153__Pandoravirus_salinus__1349410	NA	NA
28	putative_deoxynucleotide_monophosphate_kinase__YP_004347186__Lausannevirus__999883	dNMP_kinase__YP_003406958__Marseillevirus_marseillevirus__694581	Marseilleviridae	dsDNA (large)
28	putative_deoxynucleotide_monophosphate_kinase__YP_004347186__Lausannevirus__999883	putative_deoxynucleoside_monophosphate_kinase__YP_009506891__Tunisvirus_fontaine2__1421067	Marseilleviridae	dsDNA (large)
28	putative_deoxynucleotide_monophosphate_kinase__YP_004347186__Lausannevirus__999883	putative_deoxynucleotide_monophosphate_kinase__YP_004347186__Lausannevirus__999883	Marseilleviridae	dsDNA (large)
28	putative_deoxynucleotide_monophosphate_kinase__YP_004347186__Lausannevirus__999883	conserved_putative_deoxynucleotide_monophosphate_kinase__YP_009094695__Melbournevirus__1560514	Marseilleviridae	dsDNA (large)
28	putative_deoxynucleotide_monophosphate_kinase__YP_004347186__Lausannevirus__999883	deoxynucleotide_monophosphate_kinase__YP_009345385__Noumeavirus__1955558	Marseilleviridae	dsDNA (large)
28	putative_deoxynucleotide_monophosphate_kinase__YP_004347186__Lausannevirus__999883	putative_deoxynucleotide_monophosphate_kinase__YP_009021210__Anopheles_minimus_iridovirus__1465751	Iridoviridae	dsDNA (large)
28	putative_deoxynucleotide_monophosphate_kinase__YP_004347186__Lausannevirus__999883	putative_deoxynucleotide_monophosphate_kinase__YP_009238768__Brazilian_marseillevirus__1813599	Marseilleviridae	dsDNA (large)
28	hypothetical_protein_BNJ_00086__YP_009352506__Kaumoebavirus_Viruses.__X	hypothetical_protein_ml_477__YP_009165443__Mollivirus_sibericum_Viruses.__X	NA	NA
28	hypothetical_protein_BNJ_00086__YP_009352506__Kaumoebavirus_Viruses.__X	hypothetical_protein_BNJ_00086__YP_009352506__Kaumoebavirus_Viruses.__X	NA	NA
28	uridine_kinase__YP_007354317__Acanthamoeba_polyphaga_moumouvirus__1269028	uridine_kinase__YP_007354317__Acanthamoeba_polyphaga_moumouvirus__1269028	Mimiviridae	dsDNA (large)
28	ORF76__YP_009447900__Ictalurid_herpesvirus_2__508441	ORF76__YP_009447900__Ictalurid_herpesvirus_2__508441	Alloherpesviridae	dsDNA (large)
28	ORF76__YP_009447900__Ictalurid_herpesvirus_2__508441	ORF76__NP_041166__Ictalurid_herpesvirus_1__10401	Alloherpesviridae	dsDNA (large)
28	ORF76__YP_009447900__Ictalurid_herpesvirus_2__508441	ORF77__YP_009447901__Ictalurid_herpesvirus_2__508441	Alloherpesviridae	dsDNA (large)
28	ORF76__YP_009447900__Ictalurid_herpesvirus_2__508441	ORF77__NP_041167__Ictalurid_herpesvirus_1__10401	Alloherpesviridae	dsDNA (large)
28	ORF_10__YP_001876447__Beluga_whale_coronavirus_SW1__694015	ORF_10__YP_001876447__Beluga_whale_coronavirus_SW1__694015	Coronaviridae	ssRNA(+)
28	NRK-1__YP_009345740__Mythimna_unipuncta_granulovirus_B__2169746	NRK-1__YP_009345740__Mythimna_unipuncta_granulovirus_B__2169746	Baculoviridae	dsDNA (large)
28	Deoxyribonucleoside_kinase__YP_009173510__Chrysochromulina_ericina_virus__455364	deoxycytidine_kinase__YP_009177134__Turkeypox_virus__336486	Poxviridae	dsDNA (large)
28	Deoxyribonucleoside_kinase__YP_009173510__Chrysochromulina_ericina_virus__455364	hypothetical_protein_MIV029R__YP_654601__Invertebrate_iridescent_virus_3__345201	Iridoviridae	dsDNA (large)
28	Deoxyribonucleoside_kinase__YP_009173510__Chrysochromulina_ericina_virus__455364	deoxynucleoside_kinase__YP_008052468__Phaeocystis_globosa_virus__251749	Phycodnaviridae	dsDNA (large)
28	Deoxyribonucleoside_kinase__YP_009173510__Chrysochromulina_ericina_virus__455364	ORF5L__YP_009447832__Ictalurid_herpesvirus_2__508441	Alloherpesviridae	dsDNA (large)
28	Deoxyribonucleoside_kinase__YP_009173510__Chrysochromulina_ericina_virus__455364	deoxynucleoside_kinase__YP_010087910__Lymphocystis_disease_virus_4__2704413	Iridoviridae	dsDNA (large)
28	Deoxyribonucleoside_kinase__YP_009173510__Chrysochromulina_ericina_virus__455364	deoxynucleoside_kinases__YP_009342117__Lymphocystis_disease_virus_Sa__1898060	Iridoviridae	dsDNA (large)
28	Deoxyribonucleoside_kinase__YP_009173510__Chrysochromulina_ericina_virus__455364	deoxyguanosine_kinase__YP_007003690__Cyprinid_herpesvirus_1__317858	Alloherpesviridae	dsDNA (large)
28	Deoxyribonucleoside_kinase__YP_009173510__Chrysochromulina_ericina_virus__455364	ORF5__NP_041096__Ictalurid_herpesvirus_1__10401	Alloherpesviridae	dsDNA (large)
28	Deoxyribonucleoside_kinase__YP_009173510__Chrysochromulina_ericina_virus__455364	deoxynucleoside_kinase__YP_006347618__European_catfish_virus__84739	Iridoviridae	dsDNA (large)
28	Deoxyribonucleoside_kinase__YP_009173510__Chrysochromulina_ericina_virus__455364	putative_deoxynucleoside_kinase_protein__YP_009553152__Drosophila_innubila_nudivirus__2057187	Nudiviridae	dsDNA (large)
28	Deoxyribonucleoside_kinase__YP_009173510__Chrysochromulina_ericina_virus__455364	deoxynucleoside_kinase__YP_010084788__Shrimp_hemocyte_iridescent_virus__2039780	Iridoviridae	dsDNA (large)
28	Deoxyribonucleoside_kinase__YP_009173510__Chrysochromulina_ericina_virus__455364	ORF5R__YP_009447909__Ictalurid_herpesvirus_2__508441	Alloherpesviridae	dsDNA (large)
28	Deoxyribonucleoside_kinase__YP_009173510__Chrysochromulina_ericina_virus__455364	putative_deoxynucleoside_kinase__YP_009259461__Short-finned_eel_ranavirus__638660	Iridoviridae	dsDNA (large)
28	Deoxyribonucleoside_kinase__YP_009173510__Chrysochromulina_ericina_virus__455364	deoxyguanosine_kinase__YP_007003851__Cyprinid_herpesvirus_2__317878	Alloherpesviridae	dsDNA (large)
28	Deoxyribonucleoside_kinase__YP_009173510__Chrysochromulina_ericina_virus__455364	orf67_gene_product__YP_004956815__Helicoverpa_zea_nudivirus_2__1128424	Nudiviridae	dsDNA (large)
28	Deoxyribonucleoside_kinase__YP_009173510__Chrysochromulina_ericina_virus__455364	deoxycytidine_kinase__YP_009046059__Penguinpox_virus__648998	Poxviridae	dsDNA (large)
28	Deoxyribonucleoside_kinase__YP_009173510__Chrysochromulina_ericina_virus__455364	deoxynucleoside_kinase__YP_009182017__Epizootic_haematopoietic_necrosis_virus__100217	Iridoviridae	dsDNA (large)
28	Deoxyribonucleoside_kinase__YP_009173510__Chrysochromulina_ericina_virus__455364	118R__YP_009552399__Cherax_quadricarinatus_iridovirus__2035708	Iridoviridae	dsDNA (large)
28	Deoxyribonucleoside_kinase__YP_009173510__Chrysochromulina_ericina_virus__455364	thymidine_kinase__YP_009021189__Anopheles_minimus_iridovirus__1465751	Iridoviridae	dsDNA (large)
28	Deoxyribonucleoside_kinase__YP_009173510__Chrysochromulina_ericina_virus__455364	Dck__YP_009046145__Penguinpox_virus__648998	Poxviridae	dsDNA (large)
28	Deoxyribonucleoside_kinase__YP_009173510__Chrysochromulina_ericina_virus__455364	hypothetical_protein_ATCV1_Z457L__YP_001426938__Acanthocystis_turfacea_chlorella_virus_1__322019	Phycodnaviridae	dsDNA (large)
28	Deoxyribonucleoside_kinase__YP_009173510__Chrysochromulina_ericina_virus__455364	24.5_kDa_Thymidine_kinase__YP_762395__Spodoptera_frugiperda_ascovirus_1a__113370	Ascoviridae	dsDNA (large)
28	Deoxyribonucleoside_kinase__YP_009173510__Chrysochromulina_ericina_virus__455364	deoxynucleoside_kinase__YP_008052461__Phaeocystis_globosa_virus__251749	Phycodnaviridae	dsDNA (large)
28	Deoxyribonucleoside_kinase__YP_009173510__Chrysochromulina_ericina_virus__455364	deoxycytidine_kinase__YP_009448069__Flamingopox_virus_FGPVKD09__2059380	Poxviridae	dsDNA (large)
28	Deoxyribonucleoside_kinase__YP_009173510__Chrysochromulina_ericina_virus__455364	deoxyguanosine_kinase_1__YP_003358218__Anguillid_herpesvirus_1__150286	Alloherpesviridae	dsDNA (large)
28	Deoxyribonucleoside_kinase__YP_009173510__Chrysochromulina_ericina_virus__455364	Deoxyribonucleoside_kinase__YP_009173510__Chrysochromulina_ericina_virus__455364	Phycodnaviridae	dsDNA (large)
28	Deoxyribonucleoside_kinase__YP_009173510__Chrysochromulina_ericina_virus__455364	putative_deoxynucleoside_kinase__YP_009506746__Bohle_iridovirus__100220	Iridoviridae	dsDNA (large)
28	Deoxyribonucleoside_kinase__YP_009173510__Chrysochromulina_ericina_virus__455364	CC-chemokine_family_protein__YP_009447976__Flamingopox_virus_FGPVKD09__2059380	Poxviridae	dsDNA (large)
28	Deoxyribonucleoside_kinase__YP_009173510__Chrysochromulina_ericina_virus__455364	ORF5__NP_041174__Ictalurid_herpesvirus_1__10401	Alloherpesviridae	dsDNA (large)
28	Deoxyribonucleoside_kinase__YP_009173510__Chrysochromulina_ericina_virus__455364	putative_deoxynucleoside_kinase_protein__YP_009345944__Kallithea_virus__1654582	Nudiviridae	dsDNA (large)
28	Deoxyribonucleoside_kinase__YP_009173510__Chrysochromulina_ericina_virus__455364	hypothetical_protein_PBCV1_A416R__NP_048773__Paramecium_bursaria_Chlorella_virus_1__10506	Phycodnaviridae	dsDNA (large)
28	Deoxyribonucleoside_kinase__YP_009173510__Chrysochromulina_ericina_virus__455364	Deoxynucleoside_kinase__YP_009325725__Only_Syngen_Nebraska_virus_5__1917232	Phycodnaviridae	dsDNA (large)
28	Deoxyribonucleoside_kinase__YP_009173510__Chrysochromulina_ericina_virus__455364	deoxyguanosine_kinase_2__YP_003358262__Anguillid_herpesvirus_1__150286	Alloherpesviridae	dsDNA (large)
28	Deoxyribonucleoside_kinase__YP_009173510__Chrysochromulina_ericina_virus__455364	thymidine_kinase__YP_009701520__Heliothis_virescens_ascovirus_3f__328614	Ascoviridae	dsDNA (large)
28	Deoxyribonucleoside_kinase__YP_009173510__Chrysochromulina_ericina_virus__455364	hypothetical_protein_FR483_N438R__YP_001426070__Paramecium_bursaria_Chlorella_virus_FR483__399781	Phycodnaviridae	dsDNA (large)
28	Deoxyribonucleoside_kinase__YP_009173510__Chrysochromulina_ericina_virus__455364	thymidine_kinase__YP_009508649__Common_midwife_toad_virus__540070	Iridoviridae	dsDNA (large)
28	Deoxyribonucleoside_kinase__YP_009173510__Chrysochromulina_ericina_virus__455364	putative_deoxynucleoside_kinase__YP_031664__Frog_virus_3__10493	Iridoviridae	dsDNA (large)
28	Deoxyribonucleoside_kinase__YP_009173510__Chrysochromulina_ericina_virus__455364	unnamed_protein_product__YP_001096058__Cyprinid_herpesvirus_3__180230	Alloherpesviridae	dsDNA (large)
28	Deoxyribonucleoside_kinase__YP_009173510__Chrysochromulina_ericina_virus__455364	putative_deoxynucleoside_kinase__YP_009272730__Ranavirus_maximus__1887314	Iridoviridae	dsDNA (large)
28	Deoxyribonucleoside_kinase__YP_009173510__Chrysochromulina_ericina_virus__455364	thymidine_kinase__YP_009702053__Heliothis_virescens_ascovirus_3g__1246651	Ascoviridae	dsDNA (large)
28	Deoxyribonucleoside_kinase__YP_009173510__Chrysochromulina_ericina_virus__455364	Dck__YP_009046381__Pigeonpox_virus__10264	Poxviridae	dsDNA (large)
28	GrBNV_gp44-like_protein__YP_002321436__Oryctes_rhinoceros_nudivirus__92521	GrBNV_gp44-like_protein__YP_009553463__Tomelloso_virus__2053981	Nudiviridae	dsDNA (large)
28	GrBNV_gp44-like_protein__YP_002321436__Oryctes_rhinoceros_nudivirus__92521	GrBNV_gp44-like_protein__YP_002321436__Oryctes_rhinoceros_nudivirus__92521	Nudiviridae	dsDNA (large)
28	GrBNV_gp44-like_protein__YP_002321436__Oryctes_rhinoceros_nudivirus__92521	ACH96255.1_GrBNV_gp44-like_protein__YP_009345931__Kallithea_virus__1654582	Nudiviridae	dsDNA (large)
28	GrBNV_gp44-like_protein__YP_002321436__Oryctes_rhinoceros_nudivirus__92521	putative_gp44-like_protein__YP_009551789__Esparto_virus__2072209	Nudiviridae	dsDNA (large)
28	GrBNV_gp44-like_protein__YP_002321436__Oryctes_rhinoceros_nudivirus__92521	GrBNV_gp44-like_protein__YP_009553139__Drosophila_innubila_nudivirus__2057187	Nudiviridae	dsDNA (large)
28	hypothetical_protein__YP_006908569__Epinotia_aporema_granulovirus__166056	nicotinamide_riboside_kinase_1__YP_009552231__Malacosoma_neustria_nucleopolyhedrovirus__38012	Baculoviridae	dsDNA (large)
28	hypothetical_protein__YP_006908569__Epinotia_aporema_granulovirus__166056	hypothetical_protein__YP_009182209__Diatraea_saccharalis_granulovirus__1675862	Baculoviridae	dsDNA (large)
28	hypothetical_protein__YP_006908569__Epinotia_aporema_granulovirus__166056	ORF-105__YP_009255362__Catopsilia_pomona_nucleopolyhedrovirus__1850906	Baculoviridae	dsDNA (large)
28	hypothetical_protein__YP_006908569__Epinotia_aporema_granulovirus__166056	NRK-1__YP_009330158__Plodia_interpunctella_granulovirus__262175	Baculoviridae	dsDNA (large)
28	hypothetical_protein__YP_006908569__Epinotia_aporema_granulovirus__166056	Clas18__YP_009505960__Clostera_anastomosis_granulovirus_B__1986290	Baculoviridae	dsDNA (large)
28	hypothetical_protein__YP_006908569__Epinotia_aporema_granulovirus__166056	NRK-1__YP_009552618__Operophtera_brumata_nucleopolyhedrovirus__1046267	Baculoviridae	dsDNA (large)
28	hypothetical_protein__YP_006908569__Epinotia_aporema_granulovirus__166056	hypothetical_protein__YP_006908569__Epinotia_aporema_granulovirus__166056	Baculoviridae	dsDNA (large)
28	hypothetical_protein__YP_006908569__Epinotia_aporema_granulovirus__166056	hypothetical_protein_AsGV015__YP_009513045__Agrotis_segetum_granulovirus__10464	Baculoviridae	dsDNA (large)
28	Guanylate_kinase__YP_009480733__Pandoravirus_macleodensis__2107707	Guanylate_kinase__YP_008319249__Pandoravirus_dulcis__1349409	NA	NA
28	Guanylate_kinase__YP_009480733__Pandoravirus_macleodensis__2107707	Guanylate_kinase__YP_009480733__Pandoravirus_macleodensis__2107707	NA	NA
28	thymidylate_kinase__YP_003358216__Anguillid_herpesvirus_1__150286	thymidylate_kinase__YP_009329611__BeAn_58058_virus__67082	Poxviridae	dsDNA (large)
28	thymidylate_kinase__YP_003358216__Anguillid_herpesvirus_1__150286	thymidylate_kinase__YP_008003692__Mythimna_separata_entomopoxvirus_L__1293572	Poxviridae	dsDNA (large)
28	thymidylate_kinase__YP_003358216__Anguillid_herpesvirus_1__150286	HSPV170__ABH08279__Horsepox_virus__397342	Poxviridae	dsDNA (large)
28	thymidylate_kinase__YP_003358216__Anguillid_herpesvirus_1__150286	hypothetical_protein_VARVgp160__NP_042204__Variola_virus__10255	Poxviridae	dsDNA (large)
28	thymidylate_kinase__YP_003358216__Anguillid_herpesvirus_1__150286	thymidylate_kinase__YP_233056__Vaccinia_virus__10245	Poxviridae	dsDNA (large)
28	thymidylate_kinase__YP_003358216__Anguillid_herpesvirus_1__150286	Thymidylate_Kinase__YP_006908572__Epinotia_aporema_granulovirus__166056	Baculoviridae	dsDNA (large)
28	thymidylate_kinase__YP_003358216__Anguillid_herpesvirus_1__150286	thymidylate_kinase__YP_009329813__BeAn_58058_virus__67082	Poxviridae	dsDNA (large)
28	thymidylate_kinase__YP_003358216__Anguillid_herpesvirus_1__150286	thymidylate_kinase__YP_010084848__Shrimp_hemocyte_iridescent_virus__2039780	Iridoviridae	dsDNA (large)
28	thymidylate_kinase__YP_003358216__Anguillid_herpesvirus_1__150286	unnamed_protein_product__YP_001096175__Cyprinid_herpesvirus_3__180230	Alloherpesviridae	dsDNA (large)
28	thymidylate_kinase__YP_003358216__Anguillid_herpesvirus_1__150286	thymidylate_kinase__YP_005296194__Cotia_virus_SPAn232__930275	Poxviridae	dsDNA (large)
28	thymidylate_kinase__YP_003358216__Anguillid_herpesvirus_1__150286	thymidylate_kinase__YP_010085630__Akhmeta_virus__2200830	Poxviridae	dsDNA (large)
28	thymidylate_kinase__YP_003358216__Anguillid_herpesvirus_1__150286	thymidylate_kinase__YP_007003944__Cyprinid_herpesvirus_2__317878	Alloherpesviridae	dsDNA (large)
28	thymidylate_kinase__YP_003358216__Anguillid_herpesvirus_1__150286	Thymidylate_kinase__YP_009408098__Eptesipox_virus__1329402	Poxviridae	dsDNA (large)
28	thymidylate_kinase__YP_003358216__Anguillid_herpesvirus_1__150286	Thymidylate_kinase__YP_009143478__Raccoonpox_virus__10256	Poxviridae	dsDNA (large)
28	thymidylate_kinase__YP_003358216__Anguillid_herpesvirus_1__150286	thymidylate_kinase__YP_009408548__NY_014_poxvirus__2025360	Poxviridae	dsDNA (large)
28	thymidylate_kinase__YP_003358216__Anguillid_herpesvirus_1__150286	thymidylate_kinase__YP_007003686__Cyprinid_herpesvirus_1__317858	Alloherpesviridae	dsDNA (large)
28	thymidylate_kinase__YP_003358216__Anguillid_herpesvirus_1__150286	thymidylate_kinase__YP_009408348__Murmansk_poxvirus__2025359	Poxviridae	dsDNA (large)
28	thymidylate_kinase__YP_003358216__Anguillid_herpesvirus_1__150286	thymidylate_kinase__YP_005296368__Cotia_virus_SPAn232__930275	Poxviridae	dsDNA (large)
28	thymidylate_kinase__YP_003358216__Anguillid_herpesvirus_1__150286	thymidylate_kinase__YP_009046356__Pigeonpox_virus__10264	Poxviridae	dsDNA (large)
28	thymidylate_kinase__YP_003358216__Anguillid_herpesvirus_1__150286	thymidylate_kinase__YP_009448044__Flamingopox_virus_FGPVKD09__2059380	Poxviridae	dsDNA (large)
28	thymidylate_kinase__YP_003358216__Anguillid_herpesvirus_1__150286	055L__YP_009552336__Cherax_quadricarinatus_iridovirus__2035708	Iridoviridae	dsDNA (large)
28	thymidylate_kinase__YP_003358216__Anguillid_herpesvirus_1__150286	putative_A48R_protein__YP_010085839__Orthopoxvirus_Abatino__2478919	Poxviridae	dsDNA (large)
28	thymidylate_kinase__YP_003358216__Anguillid_herpesvirus_1__150286	CPXV186_protein__NP_619968__Cowpox_virus__10243	Poxviridae	dsDNA (large)
28	thymidylate_kinase__YP_003358216__Anguillid_herpesvirus_1__150286	thymidylate_kinase__YP_003358216__Anguillid_herpesvirus_1__150286	Alloherpesviridae	dsDNA (large)
28	thymidylate_kinase__YP_003358216__Anguillid_herpesvirus_1__150286	Thymidylate_kinase__YP_010377155__Monkeypox_virus__10244	Poxviridae	dsDNA (large)
28	thymidylate_kinase__YP_003358216__Anguillid_herpesvirus_1__150286	thymidylate_kinase__YP_009046119__Penguinpox_virus__648998	Poxviridae	dsDNA (large)
28	ORF40-like_protein__YP_009552967__Bufonid_herpesvirus_1__2282206	ORF40__YP_656695__Ranid_herpesvirus_1__85655	Alloherpesviridae	dsDNA (large)
28	ORF40-like_protein__YP_009552967__Bufonid_herpesvirus_1__2282206	ORF40-like_protein__YP_009552967__Bufonid_herpesvirus_1__2282206	NA	NA
28	ORF40-like_protein__YP_009552967__Bufonid_herpesvirus_1__2282206	hypothetical_protein__YP_009362370__Ranid_herpesvirus_3__1987509	Alloherpesviridae	dsDNA (large)
28	deoxynucleotide_monophosphate_-dNMP-_kinase__YP_009162466__Salmon_gill_poxvirus__1680908	deoxynucleotide_monophosphate_-dNMP-_kinase__YP_009162466__Salmon_gill_poxvirus__1680908	Poxviridae	dsDNA (large)
28	HZV_115-like_protein__YP_010087650__Homarus_gammarus_nudivirus__2509616	HZV_115-like_protein__YP_009051855__Penaeus_monodon_nudivirus__1529056	Nudiviridae	dsDNA (large)
28	HZV_115-like_protein__YP_010087650__Homarus_gammarus_nudivirus__2509616	HZV_115-like_protein__YP_010087650__Homarus_gammarus_nudivirus__2509616	Nudiviridae	dsDNA (large)
28	p-loop_NTPase__YP_009051884__Penaeus_monodon_nudivirus__1529056	p-loop_NTPase__YP_010087674__Homarus_gammarus_nudivirus__2509616	Nudiviridae	dsDNA (large)
28	p-loop_NTPase__YP_009051884__Penaeus_monodon_nudivirus__1529056	p-loop_NTPase__YP_009051884__Penaeus_monodon_nudivirus__1529056	Nudiviridae	dsDNA (large)
28	orf32_gene_product__YP_004956780__Helicoverpa_zea_nudivirus_2__1128424	orf32_gene_product__YP_004956780__Helicoverpa_zea_nudivirus_2__1128424	Nudiviridae	dsDNA (large)
28	orf34_gene_product__YP_004956782__Helicoverpa_zea_nudivirus_2__1128424	orf34_gene_product__YP_004956782__Helicoverpa_zea_nudivirus_2__1128424	Nudiviridae	dsDNA (large)
28	hypothetical_protein_SlsnVgp096__YP_009505905__Spodoptera_littoralis_nucleopolyhedrovirus__10456	hypothetical_protein_SlsnVgp096__YP_009505905__Spodoptera_littoralis_nucleopolyhedrovirus__10456	Baculoviridae	dsDNA (large)
28	hypothetical_protein_SlsnVgp096__YP_009505905__Spodoptera_littoralis_nucleopolyhedrovirus__10456	nrk1__YP_009011128__Mamestra_brassicae_multiple_nucleopolyhedrovirus__78219	Baculoviridae	dsDNA (large)
28	hypothetical_protein_SlsnVgp096__YP_009505905__Spodoptera_littoralis_nucleopolyhedrovirus__10456	NRK-1__YP_009001862__Buzura_suppressaria_nucleopolyhedrovirus__74320	Baculoviridae	dsDNA (large)
28	hypothetical_protein_SlsnVgp096__YP_009505905__Spodoptera_littoralis_nucleopolyhedrovirus__10456	thymidylatekinase__YP_002854708__Euproctis_pseudoconspersa_nucleopolyhedrovirus__307467	Baculoviridae	dsDNA (large)
28	hypothetical_protein_SlsnVgp096__YP_009505905__Spodoptera_littoralis_nucleopolyhedrovirus__10456	nrk1__YP_008378318__Hemileuca_sp._nucleopolyhedrovirus__1367203	Baculoviridae	dsDNA (large)
28	hypothetical_protein_SlsnVgp096__YP_009505905__Spodoptera_littoralis_nucleopolyhedrovirus__10456	nrk1__YP_009186785__Sucra_jujuba_nucleopolyhedrovirus__1563660	Baculoviridae	dsDNA (large)
28	hypothetical_protein_SlsnVgp096__YP_009505905__Spodoptera_littoralis_nucleopolyhedrovirus__10456	nicotinamide_riboside_kinase_1__YP_009049924__Peridroma_alphabaculovirus__1346829	Baculoviridae	dsDNA (large)
28	hypothetical_protein_SlsnVgp096__YP_009505905__Spodoptera_littoralis_nucleopolyhedrovirus__10456	NRK-1__YP_010087057__Spodoptera_eridania_nucleopolyhedrovirus__2315721	Baculoviridae	dsDNA (large)
28	hypothetical_protein_SlsnVgp096__YP_009505905__Spodoptera_littoralis_nucleopolyhedrovirus__10456	nicotinamide_riboside_kinase_1__YP_010086469__Spodoptera_exempta_nucleopolyhedrovirus__1242863	Baculoviridae	dsDNA (large)
28	hypothetical_protein_SlsnVgp096__YP_009505905__Spodoptera_littoralis_nucleopolyhedrovirus__10456	nrk-1__YP_010086362__Hyposidra_talaca_nucleopolyhedrovirus__1070315	Baculoviridae	dsDNA (large)
28	hypothetical_protein_SlsnVgp096__YP_009505905__Spodoptera_littoralis_nucleopolyhedrovirus__10456	hypothetical_protein__YP_009117016__Pseudoplusia_includens_SNPV_IE__1592335	Baculoviridae	dsDNA (large)
28	hypothetical_protein_SlsnVgp096__YP_009505905__Spodoptera_littoralis_nucleopolyhedrovirus__10456	hisP__YP_009112618__Agrotis_segetum_nucleopolyhedrovirus_B__1580580	Baculoviridae	dsDNA (large)
28	hypothetical_protein_SlsnVgp096__YP_009505905__Spodoptera_littoralis_nucleopolyhedrovirus__10456	nicotinamide_riboside_kinase_1__YP_009552232__Malacosoma_neustria_nucleopolyhedrovirus__38012	Baculoviridae	dsDNA (large)
28	hypothetical_protein_SlsnVgp096__YP_009505905__Spodoptera_littoralis_nucleopolyhedrovirus__10456	hypothetical_protein_McnAVgp072__NP_613155__Mamestra_configurata_nucleopolyhedrovirus_A__207830	Baculoviridae	dsDNA (large)
28	hypothetical_protein_SlsnVgp096__YP_009505905__Spodoptera_littoralis_nucleopolyhedrovirus__10456	nicotinamide_riboside_kinase_1__YP_006607852__Apocheima_cinerarium_nucleopolyhedrovirus__307461	Baculoviridae	dsDNA (large)
28	hypothetical_protein_SlsnVgp096__YP_009505905__Spodoptera_littoralis_nucleopolyhedrovirus__10456	NRK1__YP_009666724__Mythimna_unipuncta_nucleopolyhedrovirus__447897	Baculoviridae	dsDNA (large)
28	HZV_115-like_protein__YP_002321369__Oryctes_rhinoceros_nudivirus__92521	HZV_115-like_protein__YP_009553421__Tomelloso_virus__2053981	Nudiviridae	dsDNA (large)
28	HZV_115-like_protein__YP_002321369__Oryctes_rhinoceros_nudivirus__92521	HZV_115-like_protein__YP_002321369__Oryctes_rhinoceros_nudivirus__92521	Nudiviridae	dsDNA (large)
28	hypothetical_protein_HVRV_s11_gp2__YP_002790895__Homalodisca_vitripennis_reovirus__411854	hypothetical_protein_HVRV_s11_gp2__YP_002790895__Homalodisca_vitripennis_reovirus__411854	Reoviridae	RNA (Other)
28	guanosine_monophosphate_kinase__YP_009051876__Penaeus_monodon_nudivirus__1529056	guanosine_monophosphate_kinase__YP_010087667__Homarus_gammarus_nudivirus__2509616	Nudiviridae	dsDNA (large)
28	guanosine_monophosphate_kinase__YP_009051876__Penaeus_monodon_nudivirus__1529056	guanosine_monophosphate_kinase__YP_009051876__Penaeus_monodon_nudivirus__1529056	Nudiviridae	dsDNA (large)
28	putative_deoxynucleoside_kinase__YP_009052244__Aureococcus_anophagefferens_virus__1474867	hypothetical_protein_BNJ_00403__YP_009352801__Kaumoebavirus_Viruses.__X	NA	NA
28	putative_deoxynucleoside_kinase__YP_009052244__Aureococcus_anophagefferens_virus__1474867	putative_deoxynucleoside_kinase__YP_009052244__Aureococcus_anophagefferens_virus__1474867	Phycodnaviridae	dsDNA (large)
28	ORF117__YP_003517857__Lymantria_xylina_nucleopolyhedrovirus__166921	ORF117__YP_003517857__Lymantria_xylina_nucleopolyhedrovirus__166921	Baculoviridae	dsDNA (large)
28	ORF117__YP_003517857__Lymantria_xylina_nucleopolyhedrovirus__166921	Nrk1__YP_010086975__Cryptophlebia_peltastica_nucleopolyhedrovirus__2304025	Baculoviridae	dsDNA (large)
28	guanosine_monophosphate_kinase__YP_009553147__Drosophila_innubila_nudivirus__2057187	putative_gp34-like_protein__YP_009551781__Esparto_virus__2072209	Nudiviridae	dsDNA (large)
28	guanosine_monophosphate_kinase__YP_009553147__Drosophila_innubila_nudivirus__2057187	ACH96247.1_GrBNV_gp34-like_protein__YP_009345939__Kallithea_virus__1654582	Nudiviridae	dsDNA (large)
28	guanosine_monophosphate_kinase__YP_009553147__Drosophila_innubila_nudivirus__2057187	guanosine_monophosphate_kinase__YP_009553147__Drosophila_innubila_nudivirus__2057187	Nudiviridae	dsDNA (large)
28	DUTP_pyrophosphatase_fused__YP_009165712__Perigonia_lusca_single_nucleopolyhedrovirus__1675865	DUTP_pyrophosphatase_fused__YP_009165712__Perigonia_lusca_single_nucleopolyhedrovirus__1675865	Baculoviridae	dsDNA (large)
28	DUTP_pyrophosphatase_fused__YP_009165712__Perigonia_lusca_single_nucleopolyhedrovirus__1675865	dUTPase-like_protein__YP_009091844__Erinnyis_ello_granulovirus__307444	Baculoviridae	dsDNA (large)
735	hemagglutinin__YP_009987463__Lake_Chad_virus__688438	major_budded_virus_envelope_glycoprotein__YP_009316051__Anticarsia_gemmatalis_multiple_nucleopolyhedrovirus__268591	Baculoviridae	dsDNA (large)
735	hemagglutinin__YP_009987463__Lake_Chad_virus__688438	GP64__YP_009182316__Diatraea_saccharalis_granulovirus__1675862	Baculoviridae	dsDNA (large)
735	hemagglutinin__YP_009987463__Lake_Chad_virus__688438	hemagglutinin__YP_009987463__Lake_Chad_virus__688438	Orthomyxoviridae	ssRNA(-)
735	hemagglutinin__YP_009987463__Lake_Chad_virus__688438	gp64__YP_009666553__Oxyplax_ochracea_nucleopolyhedrovirus__2083176	Baculoviridae	dsDNA (large)
735	hemagglutinin__YP_009987463__Lake_Chad_virus__688438	hemagglutinin__YP_009996582__Quaranjavirus_johnstonense__688437	Orthomyxoviridae	ssRNA(-)
735	hemagglutinin__YP_009987463__Lake_Chad_virus__688438	gp64_protein__YP_007250533__Thysanoplusia_orichalcea_nucleopolyhedrovirus__101850	Baculoviridae	dsDNA (large)
735	hemagglutinin__YP_009987463__Lake_Chad_virus__688438	GP64__YP_009666390__Lonomia_obliqua_multiple_nucleopolyhedrovirus__134394	Baculoviridae	dsDNA (large)
735	hemagglutinin__YP_009987463__Lake_Chad_virus__688438	glycoprotein__YP_009553284__Oz_virus__2137161	Orthomyxoviridae	ssRNA(-)
735	hemagglutinin__YP_009987463__Lake_Chad_virus__688438	hemagglutinin_protein__YP_009110688__Wellfleet_Bay_virus__1566309	Orthomyxoviridae	ssRNA(-)
735	hemagglutinin__YP_009987463__Lake_Chad_virus__688438	GP64__YP_008378382__Choristoneura_rosaceana_nucleopolyhedrovirus__58094	Baculoviridae	dsDNA (large)
735	hemagglutinin__YP_009987463__Lake_Chad_virus__688438	major_budded_virus_envelope_glycoprotein__YP_009118511__Condylorrhiza_vestigialis_MNPV__1592576	Baculoviridae	dsDNA (large)
735	hemagglutinin__YP_009987463__Lake_Chad_virus__688438	GP64__YP_009255283__Catopsilia_pomona_nucleopolyhedrovirus__1850906	Baculoviridae	dsDNA (large)
